{"graph": {"model": "rf", "accuracy": 0.99651893146331, "fraud_precision": 0.90078125, "fraud_recall": 0.8006944444444445, "fraud_f1_score": 0.8477941176470588}, "original": {"model": "rf", "accuracy": 0.9959135282395378, "fraud_precision": 0.9090909090909091, "fraud_recall": 0.7361111111111112, "fraud_f1_score": 0.8135072908672294}}