{"graph": {"model": "rf", "accuracy": 0.99651893146331, "fraud_precision": 0.902668759811617, "fraud_recall": 0.7986111111111112, "fraud_f1_score": 0.8474576271186441}, "original": {"model": "rf", "accuracy": 0.9958798947271061, "fraud_precision": 0.9210992907801419, "fraud_recall": 0.7215277777777778, "fraud_f1_score": 0.809190031152648}}